

-- BEGIN generate INSERTS --

USE crypto_shared;

INSERT INTO `currencies` (`id`, `name`, `createdAt`) VALUES (100, 'BTC', 0);
INSERT INTO `currencies` (`id`, `name`, `createdAt`) VALUES (101, 'ETH', 0);
INSERT INTO `currencies` (`id`, `name`, `createdAt`) VALUES (103, 'BCH', 0);
INSERT INTO `currencies` (`id`, `name`, `createdAt`) VALUES (105, 'USDT', 0);
INSERT INTO `currencies` (`id`, `name`, `createdAt`) VALUES (701, 'ARM', 0);
INSERT INTO `currency_deposit_configs` (`currencyId`, `currencyAliasName`, `enabled`, `level1Confirms`, `level2Amount`, `level2Confirms`, `level3Amount`, `level3Confirms`, `auditOnAmount`, `token`, `addressAliasTo`, `tokenIssuesOn`, `tokenDecimals`, `tokenContractAddress`, `encryptedXpub`, `extension`) VALUES (100, 'BTC', 1, 3, 1, 4, 10, 5, 20, 0, 'BTC', '', 0, '', 'RSA:rxfxkcZgr64TWPD4fzkbkyKP0AZXiMB8WCVeo7NBWOfvFWkQC/IO+Exne5KlOOwIYwSKydXNsKtv3xtsEIdAdqLhksNuW2bmeVeeaURpKQZLVTXJ+N86EfA5MMKmDxyuaFqhH2yY/bbzbVtFoL23PZ7oHQSd/WsIA6Ht5Ma3VKE=', '');
INSERT INTO `currency_deposit_configs` (`currencyId`, `currencyAliasName`, `enabled`, `level1Confirms`, `level2Amount`, `level2Confirms`, `level3Amount`, `level3Confirms`, `auditOnAmount`, `token`, `addressAliasTo`, `tokenIssuesOn`, `tokenDecimals`, `tokenContractAddress`, `encryptedXpub`, `extension`) VALUES (103, 'BCH', 1, 3, 1, 4, 10, 5, 20, 0, 'BTC', '', 0, '', 'RSA:mw57uFZShGVu3FBiEjBCe/nanQIe0ANTyJqgDRcDdydPNErI32AmnOXnNvE7LKAsHaPnNJpJHYBlpHNHg60Ay0A077aCWesJ7sAcvE/eAaGVJDFbl8T+/3wiC+aC+RV4WpYGCadqgcNatm9a7JHOk3trhEhhkIndJUparm9xF7Q=', '');
INSERT INTO `currency_deposit_configs` (`currencyId`, `currencyAliasName`, `enabled`, `level1Confirms`, `level2Amount`, `level2Confirms`, `level3Amount`, `level3Confirms`, `auditOnAmount`, `token`, `addressAliasTo`, `tokenIssuesOn`, `tokenDecimals`, `tokenContractAddress`, `encryptedXpub`, `extension`) VALUES (101, 'ETH', 1, 3, 1, 4, 10, 5, 20, 0, 'ETH', '', 0, '', 'RSA:eAobo4e9Ljjf3Qyh9m0wUmeTB1A3eI8op0ja2gC5sJcNxL/p0C16ap30vAqZnEUribPBR8R/xNEVpjKEXwtioW4AXYw9XpT40PcbvCXdUZW6OHEbnPPLUeLRFxa+Hcz2BNfKifSqIV/CVcgw7t86MiNiPZlhUkLgh+IibIBMNyE=', '');
INSERT INTO `currency_deposit_configs` (`currencyId`, `currencyAliasName`, `enabled`, `level1Confirms`, `level2Amount`, `level2Confirms`, `level3Amount`, `level3Confirms`, `auditOnAmount`, `token`, `addressAliasTo`, `tokenIssuesOn`, `tokenDecimals`, `tokenContractAddress`, `encryptedXpub`, `extension`) VALUES (105, 'USDT1', 1, 3, 1, 4, 10, 5, 20, 0, 'BTC', '', 0, '', 'RSA:PRSyx54/nrMXubUt5K5Qs11EsioPYWZFp6ra4E+QsR0Uaolo4pg6o4vly1LnxYU9HRNpKYmHgJsvmAKy13mATZ/oy9Iqajx54iEBYoTFfHD70KILRQn0GgWoJNHlLy74htwNxaSyym1V7a0z7E2iQ0Zpuf8bAIsYGNZnuHSOYoU=', '');
INSERT INTO `currency_deposit_configs` (`currencyId`, `currencyAliasName`, `enabled`, `level1Confirms`, `level2Amount`, `level2Confirms`, `level3Amount`, `level3Confirms`, `auditOnAmount`, `token`, `addressAliasTo`, `tokenIssuesOn`, `tokenDecimals`, `tokenContractAddress`, `encryptedXpub`, `extension`) VALUES (105, 'USDT2', 0, 10, 10000, 15, 100000, 20, 1000000, 1, 'ETH', 'ETH', 6, '0xdac17f958d2ee523a2206206994597c13d831ec7', '', '');
INSERT INTO `currency_deposit_configs` (`currencyId`, `currencyAliasName`, `enabled`, `level1Confirms`, `level2Amount`, `level2Confirms`, `level3Amount`, `level3Confirms`, `auditOnAmount`, `token`, `addressAliasTo`, `tokenIssuesOn`, `tokenDecimals`, `tokenContractAddress`, `encryptedXpub`, `extension`) VALUES (701, 'ARM', 0, 10, 10000, 15, 100000, 20, 1000000, 1, 'ETH', 'ETH', 18, '0xe4afa119de1a312c934230d2298db85c61c4b49d', '', '');
INSERT INTO `currency_withdraw_configs` (`currencyId`, `enableWithdraw`, `minimumWithdrawAmount`, `maximumWithdrawAmount`, `kycMaximumWithdrawAmount`, `auditWithdrawAmount`, `withdrawFeeRate`, `minimumWithdrawFee`, `maximumWithdrawFee`, `extension`) VALUES (100, 1, 0.01, 5, 9, 1, 0.0025, 0.0002, 0.02, '');
INSERT INTO `currency_withdraw_configs` (`currencyId`, `enableWithdraw`, `minimumWithdrawAmount`, `maximumWithdrawAmount`, `kycMaximumWithdrawAmount`, `auditWithdrawAmount`, `withdrawFeeRate`, `minimumWithdrawFee`, `maximumWithdrawFee`, `extension`) VALUES (101, 1, 0.1, 50, 90, 10, 0.0025, 0.2, 2, '');
INSERT INTO `currency_withdraw_configs` (`currencyId`, `enableWithdraw`, `minimumWithdrawAmount`, `maximumWithdrawAmount`, `kycMaximumWithdrawAmount`, `auditWithdrawAmount`, `withdrawFeeRate`, `minimumWithdrawFee`, `maximumWithdrawFee`, `extension`) VALUES (103, 0, 0.1, 50, 90, 10, 0.0025, 0.2, 2, '');
INSERT INTO `currency_withdraw_configs` (`currencyId`, `enableWithdraw`, `minimumWithdrawAmount`, `maximumWithdrawAmount`, `kycMaximumWithdrawAmount`, `auditWithdrawAmount`, `withdrawFeeRate`, `minimumWithdrawFee`, `maximumWithdrawFee`, `extension`) VALUES (105, 1, 0.1, 50, 90, 10, 0.0025, 0.2, 2, '');
INSERT INTO `spots_symbols` (`baseId`, `quoteId`, `alwaysChargeQuote`, `supportMarginTrade`, `baseMinimumIncrement`, `baseMinimumQuantity`, `baseMaximumQuantity`, `quoteMinimumIncrement`, `id`, `name`, `startTime`, `endTime`, `displayOrder`) VALUES (100, 105, 1, 1, 0.01, 0.01, 10000, 0.01, 100105, 'BTC_USDT', 0, 5000000000000, 0);
INSERT INTO `spots_symbols` (`baseId`, `quoteId`, `alwaysChargeQuote`, `supportMarginTrade`, `baseMinimumIncrement`, `baseMinimumQuantity`, `baseMaximumQuantity`, `quoteMinimumIncrement`, `id`, `name`, `startTime`, `endTime`, `displayOrder`) VALUES (101, 105, 1, 1, 0.01, 0.01, 10000, 0.01, 101105, 'ETH_USDT', 0, 5000000000000, 0);
INSERT INTO `spots_symbols` (`baseId`, `quoteId`, `alwaysChargeQuote`, `supportMarginTrade`, `baseMinimumIncrement`, `baseMinimumQuantity`, `baseMaximumQuantity`, `quoteMinimumIncrement`, `id`, `name`, `startTime`, `endTime`, `displayOrder`) VALUES (103, 105, 1, 1, 0.01, 0.01, 10000, 0.01, 103105, 'BCH_USDT', 0, 5000000000000, 0);
INSERT INTO `spots_symbols` (`baseId`, `quoteId`, `alwaysChargeQuote`, `supportMarginTrade`, `baseMinimumIncrement`, `baseMinimumQuantity`, `baseMaximumQuantity`, `quoteMinimumIncrement`, `id`, `name`, `startTime`, `endTime`, `displayOrder`) VALUES (101, 100, 1, 0, 0.01, 0.01, 10000, 0.01, 101100, 'ETH_BTC', 0, 5000000000000, 0);
INSERT INTO `spots_symbols` (`baseId`, `quoteId`, `alwaysChargeQuote`, `supportMarginTrade`, `baseMinimumIncrement`, `baseMinimumQuantity`, `baseMaximumQuantity`, `quoteMinimumIncrement`, `id`, `name`, `startTime`, `endTime`, `displayOrder`) VALUES (701, 101, 1, 0, 0.01, 0.01, 10000, 0.01, 701101, 'ARM_ETH', 0, 5000000000000, 0);
INSERT INTO `indexes` (`internal`, `type`, `scale`, `provider`, `url`, `id`, `name`, `startTime`, `endTime`, `displayOrder`) VALUES (1, 'EXCHANGE', 2, 'Coinbase', 'https://api.pro.coinbase.com/products/BTC-USD/ticker', 10001, '.EXCHANGE_COINBASE_BTC', 0, 5000000000000, 0);
INSERT INTO `indexes` (`internal`, `type`, `scale`, `provider`, `url`, `id`, `name`, `startTime`, `endTime`, `displayOrder`) VALUES (1, 'EXCHANGE', 2, 'Bitstamp', 'https://www.bitstamp.net/api/v2/ticker/btcusd', 10002, '.EXCHANGE_BITSTAMP_BTC', 0, 5000000000000, 0);
INSERT INTO `indexes` (`internal`, `type`, `scale`, `provider`, `url`, `id`, `name`, `startTime`, `endTime`, `displayOrder`) VALUES (1, 'EXCHANGE', 2, 'Kraken', 'https://api.kraken.com/0/public/Ticker?pair=XXBTZUSD', 10003, '.EXCHANGE_KRAKEN_BTC', 0, 5000000000000, 0);
INSERT INTO `indexes` (`internal`, `type`, `scale`, `provider`, `url`, `id`, `name`, `startTime`, `endTime`, `displayOrder`) VALUES (1, 'EXCHANGE', 2, 'Coinbase', 'https://api.pro.coinbase.com/products/ETH-USD/ticker', 10004, '.EXCHANGE_COINBASE_ETH', 0, 5000000000000, 0);
INSERT INTO `indexes` (`internal`, `type`, `scale`, `provider`, `url`, `id`, `name`, `startTime`, `endTime`, `displayOrder`) VALUES (1, 'EXCHANGE', 2, 'Gemini', 'https://api.gemini.com/v1/pubticker/ethusd', 10005, '.EXCHANGE_GEMINI_ETH', 0, 5000000000000, 0);
INSERT INTO `indexes` (`internal`, `type`, `scale`, `provider`, `url`, `id`, `name`, `startTime`, `endTime`, `displayOrder`) VALUES (1, 'EXCHANGE', 2, 'NYGold', 'https://data-asg.goldprice.org/dbXRates/USD', 10006, '.GOLD', 0, 5000000000000, 0);
INSERT INTO `indexes` (`internal`, `type`, `scale`, `provider`, `url`, `id`, `name`, `startTime`, `endTime`, `displayOrder`) VALUES (0, 'COMPOSITE', 2, '', '', 10007, '.BBTC', 0, 5000000000000, 0);
INSERT INTO `composite_index_providers` (`compositeIndexId`, `providerIndexId`, `weight`, `maxOffset`, `startTime`, `endTime`) VALUES (10007, 10001, 10, 0.2, 0, 5000000000000);
INSERT INTO `composite_index_providers` (`compositeIndexId`, `providerIndexId`, `weight`, `maxOffset`, `startTime`, `endTime`) VALUES (10007, 10002, 10, 0.2, 0, 5000000000000);
INSERT INTO `composite_index_providers` (`compositeIndexId`, `providerIndexId`, `weight`, `maxOffset`, `startTime`, `endTime`) VALUES (10007, 10003, 10, 0.2, 0, 5000000000000);
INSERT INTO `indexes` (`internal`, `type`, `scale`, `provider`, `url`, `id`, `name`, `startTime`, `endTime`, `displayOrder`) VALUES (0, 'COMPOSITE', 2, '', '', 10008, '.BETH', 0, 5000000000000, 0);
INSERT INTO `composite_index_providers` (`compositeIndexId`, `providerIndexId`, `weight`, `maxOffset`, `startTime`, `endTime`) VALUES (10008, 10004, 10, 0.2, 0, 5000000000000);
INSERT INTO `composite_index_providers` (`compositeIndexId`, `providerIndexId`, `weight`, `maxOffset`, `startTime`, `endTime`) VALUES (10008, 10005, 10, 0.2, 0, 5000000000000);
INSERT INTO `indexes` (`internal`, `type`, `scale`, `provider`, `url`, `id`, `name`, `startTime`, `endTime`, `displayOrder`) VALUES (0, 'FIXED', 6, '', '', 10009, '.BTCDAILYRATE', 0, 5000000000000, 0);
INSERT INTO `index_history_values` (`indexId`, `indexValue`, `timestamp`) VALUES (10009, 0.0003, 1546272000000);
INSERT INTO `indexes` (`internal`, `type`, `scale`, `provider`, `url`, `id`, `name`, `startTime`, `endTime`, `displayOrder`) VALUES (0, 'FIXED', 6, '', '', 10010, '.BTCMAXBTCUSDPI', 0, 5000000000000, 0);
INSERT INTO `index_history_values` (`indexId`, `indexValue`, `timestamp`) VALUES (10010, 0.0005, 1546272000000);
INSERT INTO `indexes` (`internal`, `type`, `scale`, `provider`, `url`, `id`, `name`, `startTime`, `endTime`, `displayOrder`) VALUES (0, 'CALCULATED', 6, '', '', 10011, '.BTCUSDFAIR', 0, 5000000000000, 0);
INSERT INTO `indexes` (`internal`, `type`, `scale`, `provider`, `url`, `id`, `name`, `startTime`, `endTime`, `displayOrder`) VALUES (0, 'CALCULATED', 6, '', '', 10012, '.BTCUSDPI', 0, 5000000000000, 0);
INSERT INTO `indexes` (`internal`, `type`, `scale`, `provider`, `url`, `id`, `name`, `startTime`, `endTime`, `displayOrder`) VALUES (0, 'CALCULATED', 6, '', '', 10013, '.BTCUSDPI8H', 0, 5000000000000, 0);
INSERT INTO `indexes` (`internal`, `type`, `scale`, `provider`, `url`, `id`, `name`, `startTime`, `endTime`, `displayOrder`) VALUES (0, 'CALCULATED', 6, '', '', 10014, '.BTCFR', 0, 5000000000000, 0);
INSERT INTO `indexes` (`internal`, `type`, `scale`, `provider`, `url`, `id`, `name`, `startTime`, `endTime`, `displayOrder`) VALUES (0, 'CALCULATED', 6, '', '', 10015, '.BTCFR8H', 0, 5000000000000, 0);
INSERT INTO `indexes` (`internal`, `type`, `scale`, `provider`, `url`, `id`, `name`, `startTime`, `endTime`, `displayOrder`) VALUES (0, 'CALCULATED', 6, '', '', 10016, '.ETHUSDPI', 0, 5000000000000, 0);
INSERT INTO `indexes` (`internal`, `type`, `scale`, `provider`, `url`, `id`, `name`, `startTime`, `endTime`, `displayOrder`) VALUES (0, 'CALCULATED', 6, '', '', 10017, '.ETHUSDPI8H', 0, 5000000000000, 0);
INSERT INTO `indexes` (`internal`, `type`, `scale`, `provider`, `url`, `id`, `name`, `startTime`, `endTime`, `displayOrder`) VALUES (0, 'FIXED', 6, '', '', 10018, '.BTCINS1H', 0, 5000000000000, 0);
INSERT INTO `indexes` (`internal`, `type`, `scale`, `provider`, `url`, `id`, `name`, `startTime`, `endTime`, `displayOrder`) VALUES (0, 'FIXED', 6, '', '', 10019, '.BTCINS1D', 0, 5000000000000, 0);
INSERT INTO `index_history_values` (`indexId`, `indexValue`, `timestamp`) VALUES (10019, 0, 1564588800000);
INSERT INTO `contracts_symbols` (`type`, `maximumQuantityPerOrder`, `marginCurrencyId`, `riskLimitId`, `inverse`, `liquidateBy`, `minimumPriceIncrement`, `settlementFeeRate`, `multiplier`, `id`, `name`, `startTime`, `endTime`, `displayOrder`) VALUES ('PERPETUAL', 10000, 100, 20, 1, 'MARKET_PRICE', 0.5, 0, 1, 14, 'XBTC', 1546300800000, 5000000000000, 0);
INSERT INTO `contracts_risk_limits` (`id`, `initialMarginRate`, `maintenanceMarginRateStep`, `riskLimitBase`, `riskLimitStep`, `maxRiskLimitSteps`, `maxLeverage`, `createdAt`) VALUES (20, 0.01, 0.005, 100000, 50000, 9, 100, 1546956010600);
INSERT INTO `contracts_index_references` (`symbolId`, `type`, `indexId`) VALUES (14, 'LENDING_RATE_1D', 10009);
INSERT INTO `contracts_index_references` (`symbolId`, `type`, `indexId`) VALUES (14, 'MAX_PREMIUM_RATE', 10010);
INSERT INTO `contracts_index_references` (`symbolId`, `type`, `indexId`) VALUES (14, 'FUNDING_RATE_1M', 10014);
INSERT INTO `contracts_index_references` (`symbolId`, `type`, `indexId`) VALUES (14, 'FUNDING_RATE_AGGREGATE', 10015);
INSERT INTO `contracts_index_references` (`symbolId`, `type`, `indexId`) VALUES (14, 'PREMIUM_1M', 10012);
INSERT INTO `contracts_index_references` (`symbolId`, `type`, `indexId`) VALUES (14, 'PREMIUM_AGGREGATE', 10013);
INSERT INTO `contracts_index_references` (`symbolId`, `type`, `indexId`) VALUES (14, 'SPOT', 10007);
INSERT INTO `contracts_index_references` (`symbolId`, `type`, `indexId`) VALUES (14, 'FAIR', 10011);
INSERT INTO `contracts_symbols` (`type`, `maximumQuantityPerOrder`, `marginCurrencyId`, `riskLimitId`, `inverse`, `liquidateBy`, `minimumPriceIncrement`, `settlementFeeRate`, `multiplier`, `id`, `name`, `startTime`, `endTime`, `displayOrder`) VALUES ('FUTURES', 10000, 100, 20, 1, 'MARKET_PRICE', 0.5, 0, 1, 16, 'BTCZ19', 1546300800000, 1608912000000, 0);
INSERT INTO `contracts_index_references` (`symbolId`, `type`, `indexId`) VALUES (16, 'SPOT', 10007);
INSERT INTO `contracts_symbols` (`type`, `maximumQuantityPerOrder`, `marginCurrencyId`, `riskLimitId`, `inverse`, `liquidateBy`, `minimumPriceIncrement`, `settlementFeeRate`, `multiplier`, `id`, `name`, `startTime`, `endTime`, `displayOrder`) VALUES ('PERPETUAL', 10000, 105, 20, 0, 'MARKET_PRICE', 0.05, 0, 1, 18, 'XETH', 1546300800000, 5000000000000, 0);
INSERT INTO `contracts_index_references` (`symbolId`, `type`, `indexId`) VALUES (18, 'SPOT', 10008);
INSERT INTO `options_symbols` (`groupName`, `type`, `maximumQuantityPerOrder`, `marginCurrencyId`, `inverse`, `liquidateBy`, `maximumMaintenanceMarginRate`, `minimumMaintenanceMarginRate`, `minimumPriceIncrement`, `strikePrice`, `settlementFeeRate`, `multiplier`, `id`, `name`, `startTime`, `endTime`, `displayOrder`) VALUES ('BTC_201225', 'CALL', 10000, 100, 1, 'INDEX_PRICE', 0.15, 0.10, 0.0005, 8000, 0.0005, 1, 20, 'BTC_201225_8000_C', 1578326400000, 1608912000000, 0);
INSERT INTO `options_symbols` (`groupName`, `type`, `maximumQuantityPerOrder`, `marginCurrencyId`, `inverse`, `liquidateBy`, `maximumMaintenanceMarginRate`, `minimumMaintenanceMarginRate`, `minimumPriceIncrement`, `strikePrice`, `settlementFeeRate`, `multiplier`, `id`, `name`, `startTime`, `endTime`, `displayOrder`) VALUES ('BTC_201225', 'PUT', 10000, 100, 1, 'INDEX_PRICE', 0.15, 0.10, 0.0005, 8000, 0.0005, 1, 21, 'BTC_201225_8000_P', 1578326400000, 1608912000000, 1);
INSERT INTO `options_symbols` (`groupName`, `type`, `maximumQuantityPerOrder`, `marginCurrencyId`, `inverse`, `liquidateBy`, `maximumMaintenanceMarginRate`, `minimumMaintenanceMarginRate`, `minimumPriceIncrement`, `strikePrice`, `settlementFeeRate`, `multiplier`, `id`, `name`, `startTime`, `endTime`, `displayOrder`) VALUES ('BTC_201225', 'CALL', 10000, 100, 1, 'INDEX_PRICE', 0.15, 0.10, 0.0005, 9000, 0.0005, 1, 22, 'BTC_201225_9000_C', 1578326400000, 1608912000000, 2);
INSERT INTO `options_symbols` (`groupName`, `type`, `maximumQuantityPerOrder`, `marginCurrencyId`, `inverse`, `liquidateBy`, `maximumMaintenanceMarginRate`, `minimumMaintenanceMarginRate`, `minimumPriceIncrement`, `strikePrice`, `settlementFeeRate`, `multiplier`, `id`, `name`, `startTime`, `endTime`, `displayOrder`) VALUES ('BTC_201225', 'PUT', 10000, 100, 1, 'INDEX_PRICE', 0.15, 0.10, 0.0005, 9000, 0.0005, 1, 23, 'BTC_201225_9000_P', 1578326400000, 1608912000000, 3);
INSERT INTO `options_symbols` (`groupName`, `type`, `maximumQuantityPerOrder`, `marginCurrencyId`, `inverse`, `liquidateBy`, `maximumMaintenanceMarginRate`, `minimumMaintenanceMarginRate`, `minimumPriceIncrement`, `strikePrice`, `settlementFeeRate`, `multiplier`, `id`, `name`, `startTime`, `endTime`, `displayOrder`) VALUES ('BTC_201225', 'CALL', 10000, 100, 1, 'INDEX_PRICE', 0.15, 0.10, 0.0005, 10000, 0.0005, 1, 24, 'BTC_201225_10000_C', 1578326400000, 1608912000000, 4);
INSERT INTO `options_symbols` (`groupName`, `type`, `maximumQuantityPerOrder`, `marginCurrencyId`, `inverse`, `liquidateBy`, `maximumMaintenanceMarginRate`, `minimumMaintenanceMarginRate`, `minimumPriceIncrement`, `strikePrice`, `settlementFeeRate`, `multiplier`, `id`, `name`, `startTime`, `endTime`, `displayOrder`) VALUES ('BTC_201225', 'PUT', 10000, 100, 1, 'INDEX_PRICE', 0.15, 0.10, 0.0005, 10000, 0.0005, 1, 25, 'BTC_201225_10000_P', 1578326400000, 1608912000000, 5);
INSERT INTO `options_symbols` (`groupName`, `type`, `maximumQuantityPerOrder`, `marginCurrencyId`, `inverse`, `liquidateBy`, `maximumMaintenanceMarginRate`, `minimumMaintenanceMarginRate`, `minimumPriceIncrement`, `strikePrice`, `settlementFeeRate`, `multiplier`, `id`, `name`, `startTime`, `endTime`, `displayOrder`) VALUES ('BTC_201225', 'CALL', 10000, 100, 1, 'INDEX_PRICE', 0.15, 0.10, 0.0005, 11000, 0.0005, 1, 26, 'BTC_201225_11000_C', 1578326400000, 1608912000000, 6);
INSERT INTO `options_symbols` (`groupName`, `type`, `maximumQuantityPerOrder`, `marginCurrencyId`, `inverse`, `liquidateBy`, `maximumMaintenanceMarginRate`, `minimumMaintenanceMarginRate`, `minimumPriceIncrement`, `strikePrice`, `settlementFeeRate`, `multiplier`, `id`, `name`, `startTime`, `endTime`, `displayOrder`) VALUES ('BTC_201225', 'PUT', 10000, 100, 1, 'INDEX_PRICE', 0.15, 0.10, 0.0005, 11000, 0.0005, 1, 27, 'BTC_201225_11000_P', 1578326400000, 1608912000000, 7);
INSERT INTO `options_index_references` (`symbolId`, `type`, `indexId`) VALUES (20, 'SPOT', 10007);
INSERT INTO `options_index_references` (`symbolId`, `type`, `indexId`) VALUES (21, 'SPOT', 10007);
INSERT INTO `options_index_references` (`symbolId`, `type`, `indexId`) VALUES (22, 'SPOT', 10007);
INSERT INTO `options_index_references` (`symbolId`, `type`, `indexId`) VALUES (23, 'SPOT', 10007);
INSERT INTO `options_index_references` (`symbolId`, `type`, `indexId`) VALUES (24, 'SPOT', 10007);
INSERT INTO `options_index_references` (`symbolId`, `type`, `indexId`) VALUES (25, 'SPOT', 10007);
INSERT INTO `options_index_references` (`symbolId`, `type`, `indexId`) VALUES (26, 'SPOT', 10007);
INSERT INTO `options_index_references` (`symbolId`, `type`, `indexId`) VALUES (27, 'SPOT', 10007);
INSERT INTO `options_symbols` (`groupName`, `type`, `maximumQuantityPerOrder`, `marginCurrencyId`, `inverse`, `liquidateBy`, `maximumMaintenanceMarginRate`, `minimumMaintenanceMarginRate`, `minimumPriceIncrement`, `strikePrice`, `settlementFeeRate`, `multiplier`, `id`, `name`, `startTime`, `endTime`, `displayOrder`) VALUES ('ETH_201225', 'CALL', 10000, 105, 0, 'INDEX_PRICE', 0.15, 0.10, 0.01, 200, 0.0005, 1, 40, 'ETH_201225_200_C', 1578326400000, 1608912000000, 0);
INSERT INTO `options_symbols` (`groupName`, `type`, `maximumQuantityPerOrder`, `marginCurrencyId`, `inverse`, `liquidateBy`, `maximumMaintenanceMarginRate`, `minimumMaintenanceMarginRate`, `minimumPriceIncrement`, `strikePrice`, `settlementFeeRate`, `multiplier`, `id`, `name`, `startTime`, `endTime`, `displayOrder`) VALUES ('ETH_201225', 'PUT', 10000, 105, 0, 'INDEX_PRICE', 0.15, 0.10, 0.01, 200, 0.0005, 1, 41, 'ETH_201225_200_P', 1578326400000, 1608912000000, 1);
INSERT INTO `options_symbols` (`groupName`, `type`, `maximumQuantityPerOrder`, `marginCurrencyId`, `inverse`, `liquidateBy`, `maximumMaintenanceMarginRate`, `minimumMaintenanceMarginRate`, `minimumPriceIncrement`, `strikePrice`, `settlementFeeRate`, `multiplier`, `id`, `name`, `startTime`, `endTime`, `displayOrder`) VALUES ('ETH_201225', 'CALL', 10000, 105, 0, 'INDEX_PRICE', 0.15, 0.10, 0.01, 220, 0.0005, 1, 42, 'ETH_201225_220_C', 1578326400000, 1608912000000, 2);
INSERT INTO `options_symbols` (`groupName`, `type`, `maximumQuantityPerOrder`, `marginCurrencyId`, `inverse`, `liquidateBy`, `maximumMaintenanceMarginRate`, `minimumMaintenanceMarginRate`, `minimumPriceIncrement`, `strikePrice`, `settlementFeeRate`, `multiplier`, `id`, `name`, `startTime`, `endTime`, `displayOrder`) VALUES ('ETH_201225', 'PUT', 10000, 105, 0, 'INDEX_PRICE', 0.15, 0.10, 0.01, 220, 0.0005, 1, 43, 'ETH_201225_220_P', 1578326400000, 1608912000000, 3);
INSERT INTO `options_symbols` (`groupName`, `type`, `maximumQuantityPerOrder`, `marginCurrencyId`, `inverse`, `liquidateBy`, `maximumMaintenanceMarginRate`, `minimumMaintenanceMarginRate`, `minimumPriceIncrement`, `strikePrice`, `settlementFeeRate`, `multiplier`, `id`, `name`, `startTime`, `endTime`, `displayOrder`) VALUES ('ETH_201225', 'CALL', 10000, 105, 0, 'INDEX_PRICE', 0.15, 0.10, 0.01, 240, 0.0005, 1, 44, 'ETH_201225_240_C', 1578326400000, 1608912000000, 4);
INSERT INTO `options_symbols` (`groupName`, `type`, `maximumQuantityPerOrder`, `marginCurrencyId`, `inverse`, `liquidateBy`, `maximumMaintenanceMarginRate`, `minimumMaintenanceMarginRate`, `minimumPriceIncrement`, `strikePrice`, `settlementFeeRate`, `multiplier`, `id`, `name`, `startTime`, `endTime`, `displayOrder`) VALUES ('ETH_201225', 'PUT', 10000, 105, 0, 'INDEX_PRICE', 0.15, 0.10, 0.01, 240, 0.0005, 1, 45, 'ETH_201225_240_P', 1578326400000, 1608912000000, 5);
INSERT INTO `options_symbols` (`groupName`, `type`, `maximumQuantityPerOrder`, `marginCurrencyId`, `inverse`, `liquidateBy`, `maximumMaintenanceMarginRate`, `minimumMaintenanceMarginRate`, `minimumPriceIncrement`, `strikePrice`, `settlementFeeRate`, `multiplier`, `id`, `name`, `startTime`, `endTime`, `displayOrder`) VALUES ('ETH_201225', 'CALL', 10000, 105, 0, 'INDEX_PRICE', 0.15, 0.10, 0.01, 260, 0.0005, 1, 46, 'ETH_201225_260_C', 1578326400000, 1608912000000, 6);
INSERT INTO `options_symbols` (`groupName`, `type`, `maximumQuantityPerOrder`, `marginCurrencyId`, `inverse`, `liquidateBy`, `maximumMaintenanceMarginRate`, `minimumMaintenanceMarginRate`, `minimumPriceIncrement`, `strikePrice`, `settlementFeeRate`, `multiplier`, `id`, `name`, `startTime`, `endTime`, `displayOrder`) VALUES ('ETH_201225', 'PUT', 10000, 105, 0, 'INDEX_PRICE', 0.15, 0.10, 0.01, 260, 0.0005, 1, 47, 'ETH_201225_260_P', 1578326400000, 1608912000000, 7);
INSERT INTO `options_index_references` (`symbolId`, `type`, `indexId`) VALUES (40, 'SPOT', 10008);
INSERT INTO `options_index_references` (`symbolId`, `type`, `indexId`) VALUES (41, 'SPOT', 10008);
INSERT INTO `options_index_references` (`symbolId`, `type`, `indexId`) VALUES (42, 'SPOT', 10008);
INSERT INTO `options_index_references` (`symbolId`, `type`, `indexId`) VALUES (43, 'SPOT', 10008);
INSERT INTO `options_index_references` (`symbolId`, `type`, `indexId`) VALUES (44, 'SPOT', 10008);
INSERT INTO `options_index_references` (`symbolId`, `type`, `indexId`) VALUES (45, 'SPOT', 10008);
INSERT INTO `options_index_references` (`symbolId`, `type`, `indexId`) VALUES (46, 'SPOT', 10008);
INSERT INTO `options_index_references` (`symbolId`, `type`, `indexId`) VALUES (47, 'SPOT', 10008);
INSERT INTO `users` (`organizationId`, `type`, `level`, `internal`, `canSignin`, `canTrade`, `canWithdraw`, `id`, `createdAt`, `updatedAt`, `version`) VALUES (0, 'TRADER', 0, 0, 1, 1, 1, 10000, 1546963231080, 1546963231080, 0);
INSERT INTO `api_key_auths` (`userId`, `expiresAt`, `apiKey`, `apiSecret`, `description`, `netAddress`, `netmask`, `canTrade`, `canWithdraw`, `enabled`, `createdAt`, `updatedAt`, `version`) VALUES (10000, 5000000000000, 'AAAAACcQBIwnOVAABqVegHsywnuCi-f0', '611ecb5aab6c56c92a4094fdeb3c1a4f', 'test api key for user 10000', 0, 0, 1, 1, 1, 1546963272040, 1546963272040, 0);
INSERT INTO `users` (`organizationId`, `type`, `level`, `internal`, `canSignin`, `canTrade`, `canWithdraw`, `id`, `createdAt`, `updatedAt`, `version`) VALUES (0, 'TRADER', 0, 0, 1, 1, 1, 10001, 1546963288424, 1546963288424, 0);
INSERT INTO `api_key_auths` (`userId`, `expiresAt`, `apiKey`, `apiSecret`, `description`, `netAddress`, `netmask`, `canTrade`, `canWithdraw`, `enabled`, `createdAt`, `updatedAt`, `version`) VALUES (10001, 5000000000000, 'AAAAACcRBIwnOVAABhmz-SSf5vOd5ks7', '23571aaf0146a8a8c33a1d55d0eda4e5', 'test api key for user 10001', 0, 0, 1, 1, 1, 1546963321192, 1546963321192, 0);
INSERT INTO `users` (`organizationId`, `type`, `level`, `internal`, `canSignin`, `canTrade`, `canWithdraw`, `id`, `createdAt`, `updatedAt`, `version`) VALUES (0, 'TRADER', 0, 0, 1, 1, 1, 10002, 1546963321192, 1546963321192, 0);
INSERT INTO `api_key_auths` (`userId`, `expiresAt`, `apiKey`, `apiSecret`, `description`, `netAddress`, `netmask`, `canTrade`, `canWithdraw`, `enabled`, `createdAt`, `updatedAt`, `version`) VALUES (10002, 5000000000000, 'AAAAACcSBIwnOVAABhUu-6kV3JlW3Nrv', 'b50b480738288747071e875d982f0b7e', 'test api key for user 10002', 0, 0, 1, 1, 1, 1546963321192, 1546963321192, 0);
INSERT INTO `users` (`organizationId`, `type`, `level`, `internal`, `canSignin`, `canTrade`, `canWithdraw`, `id`, `createdAt`, `updatedAt`, `version`) VALUES (0, 'TRADER', 0, 0, 1, 1, 1, 10003, 1546963321192, 1546963321192, 0);
INSERT INTO `api_key_auths` (`userId`, `expiresAt`, `apiKey`, `apiSecret`, `description`, `netAddress`, `netmask`, `canTrade`, `canWithdraw`, `enabled`, `createdAt`, `updatedAt`, `version`) VALUES (10003, 5000000000000, 'AAAAACcTBIwnOVAABmszMdcB0PU9vD-z', '20439afc88f19440d125e12810102b37', 'test api key for user 10003', 0, 0, 1, 1, 1, 1546963321192, 1546963321192, 0);
INSERT INTO `users` (`organizationId`, `type`, `level`, `internal`, `canSignin`, `canTrade`, `canWithdraw`, `id`, `createdAt`, `updatedAt`, `version`) VALUES (0, 'TRADER', 0, 0, 1, 1, 1, 10004, 1546963321192, 1546963321192, 0);
INSERT INTO `api_key_auths` (`userId`, `expiresAt`, `apiKey`, `apiSecret`, `description`, `netAddress`, `netmask`, `canTrade`, `canWithdraw`, `enabled`, `createdAt`, `updatedAt`, `version`) VALUES (10004, 5000000000000, 'AAAAACcUBIwnOVAABlPkMWorXmk3UKoY', '0436d48521a0c3d6092dc5795d2752d2', 'test api key for user 10004', 0, 0, 1, 1, 1, 1546963321192, 1546963321192, 0);
INSERT INTO `users` (`organizationId`, `type`, `level`, `internal`, `canSignin`, `canTrade`, `canWithdraw`, `id`, `createdAt`, `updatedAt`, `version`) VALUES (0, 'TRADER', 0, 0, 1, 1, 1, 10005, 1546963321192, 1546963321192, 0);
INSERT INTO `api_key_auths` (`userId`, `expiresAt`, `apiKey`, `apiSecret`, `description`, `netAddress`, `netmask`, `canTrade`, `canWithdraw`, `enabled`, `createdAt`, `updatedAt`, `version`) VALUES (10005, 5000000000000, 'AAAAACcVBIwnOVAABvOEsu-pA_K5xHL4', '4e4e8cd7c8930f8ceaeeacc00bdf584b', 'test api key for user 10005', 0, 0, 1, 1, 1, 1546963321192, 1546963321192, 0);
INSERT INTO `users` (`organizationId`, `type`, `level`, `internal`, `canSignin`, `canTrade`, `canWithdraw`, `id`, `createdAt`, `updatedAt`, `version`) VALUES (0, 'TRADER', 0, 0, 1, 1, 1, 10006, 1546963321192, 1546963321192, 0);
INSERT INTO `api_key_auths` (`userId`, `expiresAt`, `apiKey`, `apiSecret`, `description`, `netAddress`, `netmask`, `canTrade`, `canWithdraw`, `enabled`, `createdAt`, `updatedAt`, `version`) VALUES (10006, 5000000000000, 'AAAAACcWBIwnOVAABkW18vN4kmVB44H2', 'abe89979f901816baacff489459eeea0', 'test api key for user 10006', 0, 0, 1, 1, 1, 1546963321192, 1546963321192, 0);
INSERT INTO `users` (`organizationId`, `type`, `level`, `internal`, `canSignin`, `canTrade`, `canWithdraw`, `id`, `createdAt`, `updatedAt`, `version`) VALUES (0, 'TRADER', 0, 0, 1, 1, 1, 10007, 1546963321192, 1546963321192, 0);
INSERT INTO `api_key_auths` (`userId`, `expiresAt`, `apiKey`, `apiSecret`, `description`, `netAddress`, `netmask`, `canTrade`, `canWithdraw`, `enabled`, `createdAt`, `updatedAt`, `version`) VALUES (10007, 5000000000000, 'AAAAACcXBIwnOVAABnlNnVEVBF5P50I9', 'a02447f0c159f285dbea2caa23baf745', 'test api key for user 10007', 0, 0, 1, 1, 1, 1546963321192, 1546963321192, 0);
INSERT INTO `users` (`organizationId`, `type`, `level`, `internal`, `canSignin`, `canTrade`, `canWithdraw`, `id`, `createdAt`, `updatedAt`, `version`) VALUES (0, 'TRADER', 0, 0, 1, 1, 1, 10008, 1546963321192, 1546963321192, 0);
INSERT INTO `api_key_auths` (`userId`, `expiresAt`, `apiKey`, `apiSecret`, `description`, `netAddress`, `netmask`, `canTrade`, `canWithdraw`, `enabled`, `createdAt`, `updatedAt`, `version`) VALUES (10008, 5000000000000, 'AAAAACcYBIwnOVAABgKwEMClj0q7ZIvh', '112dcbc188e56ec3abe18ebbe680f352', 'test api key for user 10008', 0, 0, 1, 1, 1, 1546963321192, 1546963321192, 0);
INSERT INTO `users` (`organizationId`, `type`, `level`, `internal`, `canSignin`, `canTrade`, `canWithdraw`, `id`, `createdAt`, `updatedAt`, `version`) VALUES (0, 'TRADER', 0, 0, 1, 1, 1, 10009, 1546963321192, 1546963321192, 0);
INSERT INTO `api_key_auths` (`userId`, `expiresAt`, `apiKey`, `apiSecret`, `description`, `netAddress`, `netmask`, `canTrade`, `canWithdraw`, `enabled`, `createdAt`, `updatedAt`, `version`) VALUES (10009, 5000000000000, 'AAAAACcZBIwnOVAABv6D2xHdsQIUopAW', 'e57e11b1b8b5af60d3e142a714da3bba', 'test api key for user 10009', 0, 0, 1, 1, 1, 1546963321192, 1546963321192, 0);
INSERT INTO `users` (`organizationId`, `type`, `level`, `internal`, `canSignin`, `canTrade`, `canWithdraw`, `id`, `createdAt`, `updatedAt`, `version`) VALUES (0, 'MANAGE', 0, 1, 0, 0, 0, 100, 1546963321192, 1546963321192, 0);
INSERT INTO `users` (`organizationId`, `type`, `level`, `internal`, `canSignin`, `canTrade`, `canWithdraw`, `id`, `createdAt`, `updatedAt`, `version`) VALUES (0, 'UI', 0, 1, 0, 0, 0, 101, 1546963321192, 1546963321192, 0);
INSERT INTO `users` (`organizationId`, `type`, `level`, `internal`, `canSignin`, `canTrade`, `canWithdraw`, `id`, `createdAt`, `updatedAt`, `version`) VALUES (0, 'HD_HOT_WALLET', 0, 1, 0, 0, 0, 102, 1546963321192, 1546963321192, 0);
INSERT INTO `users` (`organizationId`, `type`, `level`, `internal`, `canSignin`, `canTrade`, `canWithdraw`, `id`, `createdAt`, `updatedAt`, `version`) VALUES (0, 'WALLET', 0, 1, 0, 0, 0, 103, 1546963321192, 1546963321192, 0);
INSERT INTO `users` (`organizationId`, `type`, `level`, `internal`, `canSignin`, `canTrade`, `canWithdraw`, `id`, `createdAt`, `updatedAt`, `version`) VALUES (0, 'SPOTS', 0, 1, 0, 0, 0, 104, 1546963321192, 1546963321192, 0);
INSERT INTO `users` (`organizationId`, `type`, `level`, `internal`, `canSignin`, `canTrade`, `canWithdraw`, `id`, `createdAt`, `updatedAt`, `version`) VALUES (0, 'CONTRACTS', 0, 1, 0, 0, 0, 105, 1546963321192, 1546963321192, 0);
INSERT INTO `users` (`organizationId`, `type`, `level`, `internal`, `canSignin`, `canTrade`, `canWithdraw`, `id`, `createdAt`, `updatedAt`, `version`) VALUES (0, 'OPTIONS', 0, 1, 0, 0, 0, 106, 1546963321192, 1546963321192, 0);
INSERT INTO `users` (`organizationId`, `type`, `level`, `internal`, `canSignin`, `canTrade`, `canWithdraw`, `id`, `createdAt`, `updatedAt`, `version`) VALUES (0, 'WALLET_ASSET', 0, 1, 0, 0, 0, 107, 1546963321192, 1546963321192, 0);
INSERT INTO `users` (`organizationId`, `type`, `level`, `internal`, `canSignin`, `canTrade`, `canWithdraw`, `id`, `createdAt`, `updatedAt`, `version`) VALUES (0, 'WALLET_DEBT', 0, 1, 0, 0, 0, 108, 1546963321192, 1546963321192, 0);
INSERT INTO `users` (`organizationId`, `type`, `level`, `internal`, `canSignin`, `canTrade`, `canWithdraw`, `id`, `createdAt`, `updatedAt`, `version`) VALUES (0, 'WALLET_FEE', 0, 1, 0, 0, 0, 109, 1546963321192, 1546963321192, 0);
INSERT INTO `users` (`organizationId`, `type`, `level`, `internal`, `canSignin`, `canTrade`, `canWithdraw`, `id`, `createdAt`, `updatedAt`, `version`) VALUES (0, 'WALLET_COST', 0, 1, 0, 0, 0, 110, 1546963321192, 1546963321192, 0);
INSERT INTO `users` (`organizationId`, `type`, `level`, `internal`, `canSignin`, `canTrade`, `canWithdraw`, `id`, `createdAt`, `updatedAt`, `version`) VALUES (0, 'WALLET_OFFLINE_DEBT', 0, 1, 0, 0, 0, 111, 1546963321192, 1546963321192, 0);
INSERT INTO `users` (`organizationId`, `type`, `level`, `internal`, `canSignin`, `canTrade`, `canWithdraw`, `id`, `createdAt`, `updatedAt`, `version`) VALUES (0, 'WALLET_OFFLINE_ASSET', 0, 1, 0, 0, 0, 112, 1546963321192, 1546963321192, 0);
INSERT INTO `users` (`organizationId`, `type`, `level`, `internal`, `canSignin`, `canTrade`, `canWithdraw`, `id`, `createdAt`, `updatedAt`, `version`) VALUES (0, 'TRANSFER_HOLDER', 0, 1, 0, 0, 0, 113, 1546963321192, 1546963321192, 0);
INSERT INTO `users` (`organizationId`, `type`, `level`, `internal`, `canSignin`, `canTrade`, `canWithdraw`, `id`, `createdAt`, `updatedAt`, `version`) VALUES (0, 'FEE', 0, 1, 0, 0, 0, 114, 1546963321192, 1546963321192, 0);
INSERT INTO `users` (`organizationId`, `type`, `level`, `internal`, `canSignin`, `canTrade`, `canWithdraw`, `id`, `createdAt`, `updatedAt`, `version`) VALUES (0, 'INSURANCE', 0, 1, 0, 0, 0, 115, 1546963321192, 1546963321192, 0);
INSERT INTO `users` (`organizationId`, `type`, `level`, `internal`, `canSignin`, `canTrade`, `canWithdraw`, `id`, `createdAt`, `updatedAt`, `version`) VALUES (0, 'CREDIT', 0, 1, 0, 0, 0, 116, 1546963321192, 1546963321192, 0);
INSERT INTO `users` (`organizationId`, `type`, `level`, `internal`, `canSignin`, `canTrade`, `canWithdraw`, `id`, `createdAt`, `updatedAt`, `version`) VALUES (0, 'INTEREST', 0, 1, 0, 0, 0, 117, 1546963321192, 1546963321192, 0);
INSERT INTO `users` (`organizationId`, `type`, `level`, `internal`, `canSignin`, `canTrade`, `canWithdraw`, `id`, `createdAt`, `updatedAt`, `version`) VALUES (0, 'PNL', 0, 1, 0, 0, 0, 118, 1546963321192, 1546963321192, 0);
UPDATE users SET id = 100 WHERE type = 'MANAGE';
UPDATE users SET id = 101 WHERE type = 'UI';
UPDATE users SET id = 102 WHERE type = 'HD_HOT_WALLET';
UPDATE users SET id = 103 WHERE type = 'WALLET';
UPDATE users SET id = 104 WHERE type = 'SPOTS';
UPDATE users SET id = 105 WHERE type = 'CONTRACTS';
UPDATE users SET id = 106 WHERE type = 'OPTIONS';
UPDATE users SET id = 107 WHERE type = 'WALLET_ASSET';
UPDATE users SET id = 108 WHERE type = 'WALLET_DEBT';
UPDATE users SET id = 109 WHERE type = 'WALLET_FEE';
UPDATE users SET id = 110 WHERE type = 'WALLET_COST';
UPDATE users SET id = 111 WHERE type = 'WALLET_OFFLINE_DEBT';
UPDATE users SET id = 112 WHERE type = 'WALLET_OFFLINE_ASSET';
UPDATE users SET id = 113 WHERE type = 'TRANSFER_HOLDER';
UPDATE users SET id = 114 WHERE type = 'FEE';
UPDATE users SET id = 115 WHERE type = 'INSURANCE';
UPDATE users SET id = 116 WHERE type = 'CREDIT';
UPDATE users SET id = 117 WHERE type = 'INTEREST';
UPDATE users SET id = 118 WHERE type = 'PNL';


-- END generate INSERTS --

